CustomerID,Actual_Churn,Predicted_Churn,Churn_Probability
8375-DKEBR,Yes,Yes,97.5
9804-ICWBG,Yes,Yes,97.0
5542-TBBWB,No,Yes,97.0
1820-TQVEV,Yes,Yes,94.5
2545-EBUPK,No,Yes,92.5
3716-BDVDB,Yes,Yes,92.5
8161-QYMTT,No,Yes,92.5
1069-XAIEM,Yes,Yes,92.5
9248-OJYKK,Yes,Yes,92.5
0295-PPHDO,Yes,Yes,92.0
2514-GINMM,Yes,Yes,91.0
1143-NMNQJ,Yes,Yes,90.5
8258-GSTJK,Yes,Yes,89.5
2737-YNGYW,Yes,Yes,89.0
2867-UIMSS,Yes,Yes,89.0
4415-IJZTP,Yes,Yes,88.5
8380-PEFPE,Yes,Yes,88.5
6861-XWTWQ,Yes,Yes,88.5
0841-NULXI,Yes,Yes,88.0
0655-RBDUG,Yes,Yes,88.0
9057-SIHCH,Yes,Yes,87.5
8884-ADFVN,Yes,Yes,87.0
2609-IAICY,Yes,Yes,86.5
5178-LMXOP,Yes,Yes,86.5
1751-NCDLI,No,Yes,86.0
4090-KPJIP,No,Yes,85.5
1240-KNSEZ,Yes,Yes,85.25
5196-SGOAK,Yes,Yes,85.0
6023-YEBUP,Yes,Yes,84.5
4713-LZDRV,Yes,Yes,84.5
7180-PISOG,Yes,Yes,84.5
3320-VEOYC,No,Yes,84.0
8593-WHYHV,Yes,Yes,84.0
2034-GDRCN,Yes,Yes,84.0
4750-ZRXIU,Yes,Yes,84.0
1768-ZAIFU,Yes,Yes,83.5
1853-UDXBW,Yes,Yes,82.5
7249-WBIYX,Yes,Yes,82.5
2254-DLXRI,No,Yes,82.5
8752-STIVR,Yes,Yes,82.0
2865-TCHJW,Yes,Yes,82.0
2959-MJHIC,Yes,Yes,82.0
3707-GNWHM,Yes,Yes,81.75
6857-VWJDT,Yes,Yes,81.71
6856-RAURS,No,Yes,81.42
7278-CKDNC,No,Yes,81.0
6328-ZPBGN,Yes,Yes,81.0
6372-RFVNS,Yes,Yes,80.5
6230-BSUXY,Yes,Yes,80.5
3422-LYEPQ,Yes,Yes,80.5
4587-VVTOX,Yes,Yes,80.5
6979-ZNSFF,Yes,Yes,80.5
4342-HENTK,Yes,Yes,80.5
1628-BIZYP,No,Yes,79.5
7273-TEFQD,Yes,Yes,79.5
1320-HTRDR,Yes,Yes,79.5
8245-UMPYT,Yes,Yes,79.0
4927-WWOOZ,No,Yes,79.0
5167-ZFFMM,Yes,Yes,79.0
2202-CUYXZ,Yes,Yes,79.0
6630-UJZMY,No,Yes,78.5
3006-XIMLN,Yes,Yes,78.5
8443-ZRDBZ,Yes,Yes,78.0
8739-WWKDU,Yes,Yes,78.0
7198-GLXTC,Yes,Yes,78.0
8739-XNIKG,No,Yes,78.0
8622-ZLFKO,No,Yes,77.5
9611-CTWIH,Yes,Yes,77.5
7952-OBOYL,No,Yes,77.5
7817-BOQPW,Yes,Yes,77.5
7130-VTEWQ,Yes,Yes,77.0
9507-EXLTT,Yes,Yes,77.0
3976-NLDEZ,No,Yes,76.71
5186-SAMNZ,Yes,Yes,76.5
9221-OTIVJ,Yes,Yes,76.5
3722-WPXTK,Yes,Yes,76.5
0390-DCFDQ,Yes,Yes,76.5
4229-CZMLL,Yes,Yes,76.0
8083-YTZES,Yes,Yes,76.0
6969-MVBAI,No,Yes,75.5
0679-IDSTG,Yes,Yes,75.5
6821-BUXUX,Yes,Yes,75.5
3585-ISXZP,Yes,Yes,75.0
9334-GWGOW,No,Yes,75.0
1400-MMYXY,Yes,Yes,75.0
8775-ERLNB,No,Yes,75.0
3519-ZKXGG,Yes,Yes,74.5
0970-ETWGE,Yes,Yes,74.5
5376-DEQCP,Yes,Yes,74.5
3677-IYRBF,Yes,Yes,74.0
9878-TNQGW,Yes,Yes,74.0
5442-BHQNG,No,Yes,73.67
4445-ZJNMU,No,Yes,73.5
2665-NPTGL,No,Yes,73.5
0235-KGSLC,Yes,Yes,73.5
8873-GLDMH,No,Yes,73.42
6166-ILMNY,Yes,Yes,73.21
2077-MPJQO,No,Yes,73.0
1980-KXVPM,Yes,Yes,73.0
5698-BQJOH,Yes,Yes,72.0
0616-ATFGB,Yes,Yes,72.0
5159-YFPKQ,Yes,Yes,71.5
2761-OCIAX,Yes,Yes,71.5
4301-VVZKA,No,Yes,71.5
7363-QTBIW,No,Yes,70.5
7409-KIUTL,Yes,Yes,70.5
1867-BDVFH,Yes,Yes,70.5
9747-DDZOS,Yes,Yes,70.22
2439-LYPMQ,No,Yes,70.0
2845-HSJCY,Yes,Yes,70.0
6543-XRMYR,Yes,Yes,70.0
7571-YXDAD,Yes,Yes,70.0
2495-INZWQ,Yes,Yes,70.0
4512-ZUIYL,Yes,Yes,69.54
7181-BQYBV,Yes,Yes,69.5
8699-ASUFO,Yes,Yes,69.5
3721-CNEYS,Yes,Yes,69.5
5501-TVMGM,No,Yes,69.0
4735-ASGMA,Yes,Yes,69.0
5628-FCGYG,No,Yes,68.5
2027-FECZV,Yes,Yes,68.5
0685-MLYYM,Yes,Yes,68.5
2754-SDJRD,No,Yes,68.0
1024-GUALD,Yes,Yes,68.0
2485-ITVKB,Yes,Yes,68.0
2369-FEVNO,No,Yes,67.99
6608-QQLVK,Yes,Yes,67.5
9907-SWKKF,Yes,Yes,67.0
5480-HPRRX,Yes,Yes,67.0
7005-CCBKV,Yes,Yes,66.5
9685-WKZGT,Yes,Yes,66.5
3030-YDNRM,No,Yes,66.5
2985-FMWYF,No,Yes,66.0
4115-NZRKS,No,Yes,66.0
5382-SOYZL,No,Yes,66.0
8821-XNHVZ,Yes,Yes,66.0
1448-PWKYE,Yes,Yes,66.0
1731-TVIUK,Yes,Yes,65.5
7209-JCUDS,Yes,Yes,65.5
4678-DVQEO,Yes,Yes,65.5
5052-PNLOS,Yes,Yes,65.0
5419-CONWX,Yes,Yes,65.0
4817-VYYWS,Yes,Yes,65.0
3338-CVVEH,No,Yes,65.0
3199-XGZCY,No,Yes,65.0
1077-HUUJM,No,Yes,64.5
8541-QVFKM,No,Yes,64.5
8361-LTMKD,Yes,Yes,64.5
8650-RHRKE,Yes,Yes,64.5
6680-WKXRZ,Yes,Yes,64.33
8280-MQRQN,Yes,Yes,64.0
0376-YMCJC,Yes,Yes,64.0
6376-GAHQE,Yes,Yes,63.5
3063-QFSZL,Yes,Yes,63.5
8709-KRDVL,No,Yes,63.5
6000-APYLU,Yes,Yes,63.5
8676-TRMJS,Yes,Yes,63.12
9643-AVVWI,No,Yes,63.0
4806-KEXQR,Yes,Yes,63.0
2025-JKFWI,Yes,Yes,63.0
0432-CAJZV,No,Yes,62.88
6047-YHPVI,Yes,Yes,62.5
0871-URUWO,Yes,Yes,62.5
2277-VWCNI,No,Yes,62.5
7235-NXZCP,Yes,Yes,62.5
1016-DJTSV,No,Yes,62.5
7410-YTJIK,Yes,Yes,62.0
9576-ANLXO,Yes,Yes,61.83
0322-CHQRU,Yes,Yes,61.5
0004-TLHLJ,Yes,Yes,61.5
7218-HKQFK,Yes,Yes,61.5
4706-AXVKM,Yes,Yes,61.5
9940-RHLFB,Yes,Yes,61.5
2919-HBCJO,Yes,Yes,61.5
4983-CCWMC,No,Yes,61.25
7881-EVUAD,Yes,Yes,61.0
4873-ILOLJ,Yes,Yes,61.0
3672-YITQD,Yes,Yes,60.5
6910-HADCM,Yes,Yes,60.5
6899-PPEEA,Yes,Yes,60.5
6175-IRFIT,No,Yes,60.25
7587-RZNME,Yes,Yes,60.0
0576-WNXXC,Yes,Yes,60.0
8266-VBFQL,No,Yes,60.0
7861-UVUFT,Yes,Yes,59.5
4283-FUTGF,Yes,Yes,59.5
7495-OOKFY,Yes,Yes,59.5
0958-YHXGP,No,Yes,59.08
0749-IRGQE,No,Yes,59.0
9840-DVNDC,Yes,Yes,59.0
7912-SYRQT,Yes,Yes,59.0
9279-CJEOJ,No,Yes,59.0
3717-OEAUQ,No,Yes,58.96
4223-WOZCM,No,Yes,58.5
0388-EOPEX,Yes,Yes,58.5
2325-NBPZG,No,Yes,58.5
3966-HRMZA,No,Yes,58.33
4029-HPFVY,No,Yes,58.25
8397-MVTAZ,Yes,Yes,58.0
8778-LMWTJ,No,Yes,58.0
9717-QEBGU,No,Yes,58.0
1319-YLZJG,No,Yes,57.5
7029-RPUAV,Yes,Yes,57.5
7250-EQKIY,Yes,Yes,57.5
0923-PNFUB,Yes,Yes,57.5
2800-QQUSO,No,Yes,57.0
8132-YPVBX,No,Yes,57.0
5760-FXFVO,No,Yes,57.0
0430-IHCDJ,No,Yes,57.0
3292-PBZEJ,No,Yes,57.0
3627-FHKBK,Yes,Yes,56.92
1112-CUNAO,Yes,Yes,56.5
5357-TZHPP,Yes,Yes,56.5
5380-WJKOV,Yes,Yes,56.5
9741-YLNTD,No,Yes,56.5
6892-XPFPU,Yes,Yes,56.5
5133-POWUA,No,Yes,56.0
6834-NXDCA,Yes,Yes,56.0
5339-PXDVH,No,Yes,56.0
1236-WFCDV,Yes,Yes,56.0
1379-FRVEB,No,Yes,56.0
8696-JKZNU,Yes,Yes,55.5
3658-KIBGF,Yes,Yes,55.5
9752-ZNQUT,No,Yes,55.5
6137-NICCO,No,Yes,55.0
2754-XBHTB,Yes,Yes,55.0
8445-DNBAE,No,Yes,54.5
3750-CKVKH,Yes,Yes,54.5
9692-TUSXH,Yes,Yes,54.5
0023-XUOPT,Yes,Yes,54.0
8903-XEBGX,No,Yes,54.0
3365-SAIGS,No,Yes,54.0
4317-VTEOA,Yes,Yes,54.0
7928-VJYAB,No,Yes,54.0
7534-BFESC,Yes,Yes,54.0
1335-NTIUC,No,Yes,53.5
8080-DDEMJ,Yes,Yes,53.5
1475-VWVDO,No,Yes,53.5
5650-YLIBA,No,Yes,53.5
7354-OIJLX,No,Yes,53.5
1895-QTKDO,No,Yes,53.0
3858-VOBET,Yes,Yes,53.0
7056-IMHCC,Yes,Yes,53.0
9992-UJOEL,No,Yes,53.0
0876-WDUUZ,Yes,Yes,53.0
6338-AVWCY,Yes,Yes,53.0
1536-HBSWP,No,Yes,52.5
9283-LZQOH,Yes,Yes,52.5
9054-FOWNV,No,Yes,52.5
9866-QEVEE,Yes,Yes,52.5
5207-PLSTK,No,Yes,52.5
4846-WHAFZ,Yes,Yes,52.0
8212-DJRCH,No,Yes,52.0
4570-QHXHL,No,Yes,52.0
9638-JIQYA,No,Yes,52.0
2860-RANUS,Yes,Yes,52.0
2955-PSXOE,Yes,Yes,51.67
4208-UFFGW,Yes,Yes,51.5
5022-JNQEQ,No,Yes,51.5
3540-RZJYU,Yes,Yes,51.5
1522-VVDMG,Yes,Yes,51.5
6651-AZVTJ,Yes,Yes,51.5
8601-QACRS,Yes,Yes,51.5
1302-UHBDD,No,Yes,51.0
6319-IEJWJ,Yes,Yes,51.0
6173-GOLSU,No,Yes,51.0
7748-UMTRK,No,Yes,51.0
6034-YMTOB,No,Yes,50.75
5226-NOZFC,No,Yes,50.5
3334-CTHOL,Yes,Yes,50.5
3312-UUMZW,No,No,50.0
2988-PLAHS,No,No,50.0
3908-BLSYF,Yes,No,50.0
6286-SUUWT,No,No,49.82
0524-IAVZO,Yes,No,49.5
6507-ZJSUR,No,No,49.5
1833-TCXKK,No,No,49.5
4919-IKATY,Yes,No,49.5
6705-LXORM,No,No,49.5
2386-LAHRK,Yes,No,49.0
1894-IGFSG,Yes,No,49.0
9508-ILZDG,No,No,49.0
6048-QBXKL,No,No,49.0
2187-PKZAY,No,No,49.0
4706-DGAHW,No,No,49.0
5144-TVGLP,No,No,48.5
1092-GANHU,Yes,No,48.5
1989-PRJHP,Yes,No,48.5
0952-KMEEH,Yes,No,48.5
9420-LOJKX,Yes,No,48.5
6661-HBGWL,Yes,No,48.0
2955-BJZHG,Yes,No,48.0
5606-AMZBO,No,No,48.0
1658-TJVOA,No,No,48.0
1575-KRZZE,No,No,48.0
4154-AQUGT,Yes,No,47.5
0330-IVZHA,Yes,No,47.5
4547-LYTDD,Yes,No,47.5
7503-QQRVF,Yes,No,47.5
5228-EXCET,Yes,No,47.5
3877-JRJIP,Yes,No,47.5
6654-QGBZZ,No,No,47.37
9167-APMXZ,No,No,47.0
6128-AQBMT,No,No,47.0
0256-LTHVJ,Yes,No,47.0
4818-QIUFN,Yes,No,47.0
1493-AMTIE,Yes,No,47.0
4412-YLTKF,Yes,No,47.0
1452-KIOVK,No,No,46.5
3891-PUQOD,Yes,No,46.5
6077-BDPXA,No,No,46.5
9927-DSWDF,No,No,46.5
0531-ZZJWQ,No,No,46.0
9572-WUKSB,No,No,46.0
4686-UXDML,No,No,46.0
2694-CIUMO,No,No,46.0
5331-RGMTT,No,No,46.0
2057-ZBLPD,Yes,No,46.0
2778-OCLGR,Yes,No,45.5
4690-LLKUA,Yes,No,45.5
5373-SFODM,Yes,No,45.5
6080-TCMYC,No,No,45.5
7018-WBJNK,No,No,45.5
5281-BUZGT,Yes,No,45.0
0963-ZBDRN,Yes,No,45.0
5440-VHLUL,No,No,45.0
0506-LVNGN,Yes,No,45.0
9851-KIELU,Yes,No,45.0
6712-OAWRH,Yes,No,45.0
9819-FBNSV,No,No,45.0
2041-JIJCI,No,No,44.5
6557-BZXLQ,No,No,44.5
2482-CZGBB,Yes,No,44.5
4237-RLAQD,Yes,No,44.5
9732-KPKBW,Yes,No,44.0
0899-LIIBW,No,No,44.0
0581-BXBUB,No,No,44.0
7851-FLGGQ,Yes,No,44.0
4631-OACRM,Yes,No,44.0
7460-ITWWP,No,No,44.0
3679-XASPY,No,No,44.0
6022-UGGSO,Yes,No,44.0
4905-JEFDW,Yes,No,44.0
8728-SKJLR,No,No,43.5
0015-UOCOJ,No,No,43.5
6158-HDPXZ,No,No,43.5
2452-KDRRH,No,No,43.5
0599-XNYDO,No,No,43.5
6304-IJFSQ,Yes,No,43.5
4248-QPAVC,Yes,No,43.0
9779-DPNEJ,No,No,43.0
1902-XBTFB,Yes,No,43.0
3932-CMDTD,Yes,No,43.0
4581-LNWUM,No,No,43.0
3587-PMCOY,No,No,43.0
7579-OOPEC,Yes,No,43.0
5129-JLPIS,No,No,43.0
3312-ZWLGF,No,No,42.5
3923-CSIHK,Yes,No,42.5
3197-ARFOY,No,No,42.5
2604-IJPDU,No,No,42.0
0082-OQIQY,No,No,42.0
9112-WSNPU,No,No,42.0
6377-WHAOX,No,No,42.0
2391-SOORI,Yes,No,41.5
4067-HLYQI,No,No,41.5
9465-RWMXL,Yes,No,41.5
9944-AEXBM,No,No,41.5
1261-FWTTE,No,No,41.5
7504-UWHNB,No,No,41.5
0730-KOAVE,No,No,41.0
3374-LXDEV,Yes,No,41.0
7404-JLKQG,No,No,41.0
8058-DMYRU,No,No,41.0
9512-UIBFX,Yes,No,40.5
9576-SYUHJ,No,No,40.5
4647-MUZON,No,No,40.5
3466-RITXD,No,No,40.5
8393-DLHGA,Yes,No,40.5
9979-RGMZT,No,No,40.0
0410-IPFTY,No,No,40.0
4468-YDOVK,No,No,40.0
3569-EDBPQ,No,No,39.5
2501-XWWTZ,No,No,39.5
7181-OQCUT,No,No,39.5
0988-JRWWP,No,No,39.5
1471-GIQKQ,No,No,39.5
8992-CEUEN,No,No,39.05
8714-EUHJO,Yes,No,39.0
6331-LWDTQ,Yes,No,39.0
7603-USHJS,Yes,No,39.0
0581-MDMPW,No,No,39.0
3780-YVMFA,No,No,39.0
6402-EJMWF,No,No,39.0
5103-MHMHY,Yes,No,39.0
9048-JVYVF,Yes,No,38.5
5889-JTMUL,Yes,No,38.5
0823-HSCDJ,Yes,No,38.5
5828-AVIPD,Yes,No,38.5
2971-SGAFL,No,No,38.5
1357-BIJKI,No,No,38.5
5419-KLXBN,Yes,No,38.0
5301-GAUUY,Yes,No,38.0
8160-HOWOX,No,No,38.0
8993-PHFWD,Yes,No,38.0
1541-ETJZO,Yes,No,38.0
9227-LUNBG,Yes,No,38.0
4892-VLANZ,Yes,No,37.93
6729-GDNGC,No,No,37.5
2478-EEWWM,No,No,37.5
2070-FNEXE,Yes,No,37.5
3244-DCJWY,Yes,No,37.5
2101-RANCD,No,No,37.5
6704-UTUKK,No,No,37.0
0682-USIXD,No,No,37.0
9700-ISPUP,No,No,37.0
3524-WQDSG,No,No,37.0
1816-FLZDK,No,No,37.0
2672-OJQZP,No,No,36.5
9389-ACWBI,No,No,36.5
1310-QRITU,No,No,36.5
6284-AHOOQ,Yes,No,36.0
0258-NOKBL,No,No,36.0
5461-QKNTN,No,No,36.0
3594-KADLU,No,No,35.5
7054-LGEQW,Yes,No,35.5
8621-MNIHH,Yes,No,35.5
9537-VHDTA,No,No,35.5
8914-RBTSB,Yes,No,35.5
2480-SQIOB,No,No,35.5
7957-RYHQD,Yes,No,35.5
8059-UDZFY,No,No,35.5
7733-UDMTP,No,No,35.0
2720-FVBQP,No,No,35.0
0013-MHZWF,No,No,35.0
9661-MHUMO,Yes,No,35.0
2277-DJJDL,No,No,35.0
8785-CJSHH,No,No,35.0
5351-QESIO,No,No,35.0
8849-AYPTR,No,No,34.5
6542-LWGXJ,No,No,34.5
8938-UMKPI,Yes,No,34.5
1100-DDVRV,No,No,34.5
9450-TRJUU,No,No,34.5
5402-HTOTQ,No,No,34.5
4013-GUXND,No,No,34.05
7470-MCQTK,Yes,No,34.0
2960-NKRSO,No,No,34.0
9822-WMWVG,No,No,34.0
9286-DOJGF,Yes,No,34.0
8757-TFHHJ,No,No,34.0
3930-ZGWVE,No,No,33.87
7239-HZZCX,Yes,No,33.87
3094-JOJAI,No,No,33.5
1956-YIFGE,No,No,33.5
0327-WFZSY,No,No,33.5
4658-HCOHW,Yes,No,33.5
4660-IRIBM,No,No,33.5
6559-RAKOZ,No,No,33.5
9710-ZUSHQ,Yes,No,33.5
8805-JNRAZ,No,No,33.5
7134-MJPDY,No,No,33.0
2386-OWURY,No,No,33.0
3069-SSVSN,No,No,33.0
0422-UXFAP,No,No,33.0
6825-UYPFK,Yes,No,33.0
4329-YPDDQ,No,No,33.0
7279-BUYWN,Yes,No,33.0
2227-JRSJX,No,No,33.0
4947-DSMXK,No,No,33.0
6845-RGTYS,Yes,No,32.5
0265-PSUAE,No,No,32.0
4619-EVPHY,No,No,32.0
2782-LFZVW,No,No,32.0
4360-PNRQB,No,No,32.0
8985-OOPOS,No,No,32.0
1346-UFHAX,No,No,32.0
9369-XFEHK,Yes,No,32.0
6769-DYBQN,Yes,No,31.5
7055-HNEOJ,No,No,31.5
5016-IBERQ,No,No,31.0
9842-EFSYY,No,No,31.0
9374-YOLBJ,No,No,31.0
4724-WXVWF,No,No,31.0
8033-VCZGH,No,No,31.0
1035-IPQPU,No,No,30.5
9050-QLROH,Yes,No,30.5
8818-DOPVL,No,No,30.5
0486-HECZI,Yes,No,30.5
2750-BJLSB,No,No,30.5
8378-LKJAF,No,No,30.5
6234-PFPXL,No,No,30.0
5136-GFPMB,No,No,30.0
8623-ULFNQ,No,No,30.0
4993-JCRGJ,No,No,30.0
1587-FKLZB,Yes,No,30.0
9962-BFPDU,No,No,29.8
7277-OZCGZ,No,No,29.5
2309-OSFEU,Yes,No,29.5
1174-FGIFN,No,No,29.5
5600-PDUJF,No,No,29.5
6317-YPKDH,Yes,No,29.5
6770-XUAGN,Yes,No,29.5
7855-DIWPO,No,No,29.0
1205-WNWPJ,Yes,No,29.0
4640-UHDOS,Yes,No,29.0
6481-ESCNL,No,No,29.0
7623-TRNQN,Yes,No,29.0
8450-JOVAH,Yes,No,29.0
2108-YKQTY,Yes,No,29.0
2606-RMDHZ,Yes,No,29.0
5609-IMCGG,No,No,28.5
5759-RCVCB,Yes,No,28.5
5651-YLPRD,No,No,28.5
3237-AJGEH,Yes,No,28.5
2770-NSVDG,No,No,28.5
3756-VNWDH,No,No,28.5
0471-ARVMX,No,No,28.5
2828-SLQPF,No,No,28.5
6815-ABQFQ,No,No,28.5
1360-JYXKQ,No,No,28.5
2203-GHNWN,No,No,28.0
2911-WDXMV,No,No,28.0
0096-BXERS,No,No,28.0
4672-FOTSD,No,No,28.0
8158-WPEZG,No,No,28.0
7663-RGWBC,Yes,No,28.0
0310-MVLET,Yes,No,28.0
7129-ACFOG,No,No,28.0
4256-ZWTZI,No,No,28.0
4695-VADHF,Yes,No,28.0
3787-TRIAL,No,No,28.0
6711-VTNRE,Yes,No,27.5
2139-FQHLM,No,No,27.5
1550-LOAHA,Yes,No,27.5
1942-OQFRW,No,No,27.5
0870-VEMYL,Yes,No,27.0
6543-CPZMK,Yes,No,27.0
5482-NUPNA,Yes,No,27.0
2178-PMGCJ,No,No,27.0
6874-SGLHU,No,No,27.0
2190-BCXEC,No,No,27.0
6946-LMSQS,Yes,No,27.0
6898-MDLZW,No,No,27.0
7529-ZDFXI,No,No,26.5
0363-QJVFX,Yes,No,26.5
0365-GXEZS,No,No,26.5
4526-ZJJTM,No,No,26.5
9767-FFLEM,No,No,26.5
1965-DDBWU,Yes,No,26.5
1194-SPVSP,No,No,26.48
4016-BJKTZ,No,No,26.0
9629-NHXFW,No,No,26.0
6227-HWPWX,Yes,No,26.0
7572-KPVKK,No,No,26.0
0431-APWVY,Yes,No,26.0
9812-GHVRI,No,No,26.0
0668-OGMHD,No,No,26.0
7251-LJBQN,No,No,26.0
4937-QPZPO,No,No,26.0
9381-NDKME,Yes,No,26.0
2587-EKXTS,No,No,26.0
9278-VZKCD,No,No,26.0
6710-HSJRD,No,No,26.0
6583-SZVGP,No,No,25.5
5934-TSSAU,No,No,25.5
5949-EBSQK,Yes,No,25.5
4693-VWVBO,No,No,25.5
2995-UPRYS,Yes,No,25.5
3893-JRNFS,No,No,25.5
7251-XFOIL,No,No,25.5
6646-QVXLR,Yes,No,25.0
4323-SADQS,Yes,No,25.0
3331-HQDTW,Yes,No,25.0
9128-CPXKI,No,No,25.0
8988-ECPJR,Yes,No,25.0
3466-WAESX,No,No,25.0
2924-KHUVI,No,No,25.0
5630-AHZIL,No,No,24.5
7876-BEUTG,No,No,24.5
1470-PSXNM,No,No,24.5
2001-MCUUW,No,No,24.5
4983-CLMLV,No,No,24.5
1809-DMJHQ,Yes,No,24.5
4667-OHGKG,Yes,No,24.25
6733-LRIZX,No,No,24.0
0516-OOHAR,No,No,24.0
2307-FYNNL,No,No,24.0
8455-HIRAQ,No,No,24.0
6383-ZTSIW,No,No,24.0
0959-WHOKV,No,No,23.5
0365-TRTPY,No,No,23.5
4760-THGOT,No,No,23.0
9013-AQORL,No,No,23.0
3011-WQKSZ,No,No,23.0
6854-EXGSF,No,No,23.0
0778-NELLA,Yes,No,23.0
2195-VVRJF,No,No,23.0
2252-JHJGE,No,No,23.0
2480-EJWYP,No,No,23.0
9327-QSDED,No,No,23.0
7471-MQPOS,No,No,23.0
1051-GEJLJ,No,No,22.87
9701-CDXHR,No,No,22.5
6421-SZVEM,No,No,22.5
3729-OWRVL,No,No,22.5
4840-ORQXB,No,No,22.5
3339-EAQNV,No,No,22.5
4377-VDHYI,No,No,22.5
9254-RBFON,Yes,No,22.5
6777-TGHTM,Yes,No,22.5
1465-LNTLJ,No,No,22.5
9103-TCIHJ,Yes,No,22.5
9107-UKCKY,No,No,22.5
3313-QKNKB,Yes,No,22.5
5692-FPTAH,Yes,No,22.0
9097-ZUBYC,No,No,22.0
6366-XIVKZ,No,No,22.0
6257-RJOHI,No,No,22.0
3567-PQTSO,No,No,22.0
7629-WIXZF,No,No,22.0
3604-WLABM,No,No,22.0
1848-LBZHY,No,No,22.0
6270-OMFIW,Yes,No,22.0
4524-QCSSM,No,No,22.0
9079-YEXQJ,Yes,No,21.5
7036-TYDEC,No,No,21.5
1217-VASWC,No,No,21.5
0979-PHULV,Yes,No,21.5
0913-XWSCN,No,No,21.5
5213-TWWJU,No,No,21.5
1559-DTODC,No,No,21.5
5575-TPIZQ,No,No,21.5
9481-SFCQY,No,No,21.5
2432-TFSMK,No,No,21.5
3173-NVMPX,No,No,21.5
1622-HSHSF,No,No,21.28
5766-ZJYBB,Yes,No,21.16
2293-IJWPS,No,No,21.0
8930-XOTDP,No,No,21.0
1855-CFULU,No,No,21.0
5136-RGMZO,No,No,21.0
7666-WKRON,Yes,No,21.0
1436-ZMJAN,No,No,21.0
0297-RBCSG,No,No,21.0
4829-AUOAX,Yes,No,21.0
9357-UJRUN,No,No,21.0
5186-EJEGL,No,No,20.5
9115-YQHGA,No,No,20.5
7395-XWZOY,No,No,20.5
1370-GGAWX,No,No,20.5
0048-LUMLS,No,No,20.5
7919-ZODZZ,No,No,20.5
3179-GBRWV,No,No,20.5
7893-IXHRQ,Yes,No,20.0
8495-PRWFH,No,No,19.5
0742-MOABM,Yes,No,19.5
2522-AHJXR,No,No,19.5
6284-KMNUF,No,No,19.5
9820-RMCQV,Yes,No,19.5
7426-WEIJX,No,No,19.5
4079-VTGLK,No,No,19.5
9909-DFRJA,No,No,19.5
3018-TFTSU,Yes,No,19.5
8190-ZTQFB,No,No,19.5
3865-ZYKAD,No,No,19.0
9906-NHHVC,No,No,19.0
4075-JFPGR,No,No,19.0
2257-BOVXD,No,No,19.0
8671-KKKOS,No,No,19.0
5236-PERKL,Yes,No,19.0
4501-UYKBC,No,No,19.0
8166-ORCHU,No,No,19.0
7669-LCRSD,No,No,19.0
5533-RJFTJ,No,No,19.0
8620-RJPZN,No,No,18.95
7854-EKTJL,Yes,No,18.75
2692-PFYTJ,No,No,18.62
6773-LQTVT,No,No,18.5
6664-FPDAC,Yes,No,18.5
4332-MUOEZ,No,No,18.5
9758-MFWGD,No,No,18.5
8053-WWDRO,Yes,No,18.5
2019-HDCZY,No,No,18.5
1074-AMIOH,No,No,18.5
1530-ZTDOZ,No,No,18.5
6483-OATDN,No,No,18.0
0463-WZZKO,No,No,18.0
2972-YDYUW,No,No,18.0
9089-UOWJG,No,No,18.0
7067-KSAZT,Yes,No,18.0
9138-EFSMO,No,No,18.0
0058-EVZWM,No,No,18.0
0484-FFVBJ,No,No,18.0
1015-OWJKI,No,No,17.62
7191-ADRGF,No,No,17.5
3523-QRQLL,Yes,No,17.5
5027-YOCXN,No,No,17.5
2669-QVCRG,No,No,17.5
4753-PADAS,No,No,17.5
4402-FTBXC,No,No,17.5
3948-FVVRP,No,No,17.5
8840-DQLGN,Yes,No,17.5
3207-OYBWH,Yes,No,17.5
8433-WPJTV,No,No,17.0
7130-CTCUS,No,No,17.0
7017-VFULY,No,No,17.0
7641-TQFHN,No,No,17.0
0895-LMRSF,No,No,17.0
8741-LQOBK,No,No,17.0
4785-QRJHC,Yes,No,17.0
5524-KHNJP,No,No,17.0
3090-QFUVD,No,No,16.55
0665-XHDJU,No,No,16.5
1265-HVPZB,No,No,16.5
4973-RLZVI,No,No,16.5
7398-LXGYX,No,No,16.5
9844-FELAJ,No,No,16.5
9715-WZCLW,No,No,16.5
4160-AMJTL,Yes,No,16.5
2294-DMMUS,No,No,16.5
1629-DQQVB,No,No,16.5
5198-EFNBM,No,No,16.5
7879-CGSFV,No,No,16.5
9364-YKUVW,No,No,16.5
5438-QMDDL,No,No,16.5
9565-JSNFM,Yes,No,16.5
0440-QEXBZ,No,No,16.5
5966-EMAZU,No,No,16.5
3858-XHYJO,No,No,16.5
5804-HYIEZ,No,No,16.5
8089-UZWLX,No,No,16.0
5360-LJCNJ,No,No,16.0
4419-UJMUS,No,No,16.0
4003-FUSHP,No,No,16.0
0733-VUNUW,Yes,No,16.0
1707-HABPF,No,No,16.0
0440-UEDAI,No,No,16.0
1395-OFUWC,No,No,16.0
3780-DDGSE,No,No,16.0
3639-XJHKQ,No,No,16.0
9256-JTBNZ,No,No,16.0
7233-IOQNP,No,No,16.0
3982-XWFZQ,Yes,No,16.0
9122-UMROB,No,No,15.7
0816-TSPHQ,No,No,15.62
9143-CANJF,No,No,15.5
2798-NYLMZ,No,No,15.5
9139-WQQDY,Yes,No,15.5
2155-AMQRX,No,No,15.5
4184-VODJZ,No,No,15.5
3442-ZHHCC,No,No,15.5
2758-RNWXS,No,No,15.5
5709-LVOEQ,No,No,15.5
1169-WCVAK,No,No,15.0
8970-ANWXO,No,No,15.0
5951-AOFIH,No,No,15.0
4700-UBQMV,No,No,15.0
0701-TJSEF,No,No,15.0
2659-VXMWZ,Yes,No,15.0
9972-VAFJJ,No,No,15.0
8849-GYOKR,Yes,No,15.0
4190-MFLUW,Yes,No,14.5
1444-VVSGW,Yes,No,14.5
2279-AXJJK,No,No,14.5
3325-FUYCG,Yes,No,14.5
6473-ULUHT,No,No,14.5
4819-HJPIW,No,No,14.5
2969-WGHQO,No,No,14.5
4226-KKDON,No,No,14.5
6968-MHOMU,No,No,14.5
2001-EWBQU,No,No,14.5
0719-SYFRB,Yes,No,14.5
6776-TLWOI,Yes,No,14.5
9986-BONCE,Yes,No,14.15
4945-RVMTE,No,No,14.0
1730-VFMWO,No,No,14.0
5949-HGVJL,No,No,14.0
2040-OBMLJ,No,No,14.0
9052-DHNKM,No,No,14.0
5671-RQRLP,No,No,14.0
5473-KHBPS,No,No,14.0
1936-UAFEH,No,No,13.5
9033-EOXWV,Yes,No,13.5
5498-IBWPI,No,No,13.5
5537-UXXVS,No,No,13.5
5445-PZWGX,Yes,No,13.5
2250-IVBWA,No,No,13.5
3324-OIRTO,No,No,13.5
5081-NWSUP,No,No,13.5
1936-CZAKF,No,No,13.0
5155-AZQPB,No,No,13.0
9610-WCESF,No,No,13.0
3413-CSSTH,No,No,13.0
7750-EYXWZ,No,No,13.0
6429-SHBCB,No,No,13.0
2308-STERM,No,No,12.7
2746-DIJLO,No,No,12.5
4701-MLJPN,Yes,No,12.5
2165-VOEGB,Yes,No,12.5
2212-LYASK,No,No,12.5
7816-VGHTO,No,No,12.5
9308-ANMVE,No,No,12.5
1492-QGCLU,No,No,12.5
6900-RBKER,No,No,12.5
4039-PIMHX,No,No,12.5
1110-KYLGQ,No,No,12.5
3694-GLTJM,No,No,12.5
5921-NGYRH,No,No,12.5
3115-CZMZD,No,No,12.37
5857-XRECV,No,No,12.25
6198-PNNSZ,No,No,12.0
9163-GHAYE,No,No,12.0
9402-ROUMJ,No,No,12.0
2748-MYRVK,Yes,No,12.0
6075-QMNRR,No,No,12.0
1346-PJWTK,No,No,12.0
2533-QVMSK,Yes,No,12.0
2967-MXRAV,No,No,12.0
5574-NXZIU,No,No,12.0
5446-DKWYW,No,No,12.0
4237-CLSMM,No,No,11.5
0447-BEMNG,Yes,No,11.5
2843-CQMEG,No,No,11.5
7654-YWJUF,No,No,11.5
6734-FQAJX,No,No,11.5
2541-YGPKE,No,No,11.5
5240-CAOYT,No,No,11.5
0373-AIVNJ,No,No,11.5
9544-PYPSJ,No,No,11.5
4353-HYOJD,No,No,11.5
9777-IQHWP,No,No,11.5
4759-PXTAN,No,No,11.5
1131-SUEKT,No,No,11.5
7311-MQJCH,No,No,11.5
9480-BQJEI,No,No,11.5
8713-IGZSO,No,No,11.12
6258-NGCNG,No,No,11.0
6890-PFRQX,No,No,11.0
5161-XEUVX,No,No,11.0
9351-HXDMR,No,No,11.0
2087-QAREY,No,No,11.0
7159-NOKYQ,No,No,11.0
2408-PSJVE,No,No,11.0
7581-EBBOU,No,No,11.0
7492-TAFJD,No,No,11.0
7124-UGSUR,Yes,No,11.0
7853-WNZSY,No,No,11.0
0257-KXZGU,No,No,11.0
6797-LNAQX,Yes,No,11.0
8034-RYTVV,No,No,11.0
9039-RBEEE,Yes,No,11.0
3680-CTHUH,No,No,11.0
7663-CUXZB,No,No,11.0
2091-MJTFX,Yes,No,11.0
7054-ENNGU,No,No,11.0
6784-XYJAE,No,No,11.0
0254-KCJGT,No,No,10.5
7691-XVTZH,No,No,10.5
9025-ZRPVR,Yes,No,10.5
3354-OADJP,No,No,10.5
4751-ERMAN,No,No,10.5
3055-VTCGS,No,No,10.5
3675-EQOZA,No,No,10.5
2877-VDUER,No,No,10.5
7997-EASSD,No,No,10.5
6933-FHBZC,No,No,10.5
6766-HFKLA,No,No,10.5
0181-RITDD,No,No,10.5
2159-TURXX,No,No,10.5
6497-TILVL,No,No,10.0
0868-VJRDR,No,No,10.0
5014-WUQMG,No,No,10.0
9822-BIIGN,No,No,10.0
6713-OKOMC,No,No,10.0
3766-EJLFL,No,No,10.0
4627-MIHJH,No,No,10.0
2446-ZKVAF,No,No,10.0
1852-XEMDW,No,No,10.0
4002-BQWPQ,No,No,9.5
6726-NNFWD,No,No,9.5
4701-AHWMW,Yes,No,9.5
9972-NKTFD,No,No,9.5
3181-MIZBN,No,No,9.5
7690-KPNCU,No,No,9.5
0230-UBYPQ,No,No,9.5
0743-HRVFF,No,No,9.5
1360-XFJMR,No,No,9.5
6967-PEJLL,No,No,9.5
8819-ZBYNA,No,No,9.5
4946-EDSEW,Yes,No,9.5
7971-HLVXI,No,No,9.5
1271-UODNO,No,No,9.5
6968-URWQU,No,No,9.5
0997-YTLNY,No,No,9.0
6568-POCUI,No,No,9.0
5469-CTCWN,Yes,No,9.0
0076-LVEPS,No,No,9.0
5566-SOEZD,No,No,9.0
2923-ARZLG,No,No,9.0
7789-CRUVC,No,No,9.0
7636-PEPNS,No,No,9.0
8727-XDPUD,No,No,9.0
4213-HKBJO,No,No,9.0
8401-EMUWF,No,No,9.0
9209-NWPGU,No,No,9.0
2239-CFOUJ,No,No,9.0
3896-RCYYE,No,No,9.0
8582-KRHPJ,No,No,9.0
4489-SNOJF,Yes,No,9.0
9633-DENPU,No,No,9.0
6061-GWWAV,No,No,8.5
0661-KBKPA,No,No,8.5
3506-OVLKD,No,No,8.5
6848-YLDFR,No,No,8.5
5514-YQENT,No,No,8.5
1122-YJBCS,No,No,8.5
5049-MUBWG,No,No,8.5
4137-JOPHL,No,No,8.5
0516-UXRMT,No,No,8.5
0628-CNQRM,Yes,No,8.5
5696-CEIQJ,No,No,8.5
7375-WMVMT,No,No,8.5
5329-KRDTM,No,No,8.5
2616-FLVQC,No,No,8.5
8782-NUUOL,No,No,8.5
9412-ARGBX,Yes,No,8.5
7520-HQWJU,No,No,8.5
2700-LUEVA,No,No,8.5
1386-ZIKUV,No,No,8.5
6194-HBGQN,No,No,8.5
4227-OJHAL,No,No,8.5
7410-KTVFV,Yes,No,8.0
0289-IVARM,No,No,8.0
7762-ONLJY,No,No,8.0
1929-ZCBHE,No,No,8.0
6682-QJDGB,Yes,No,8.0
9378-FXTIZ,Yes,No,8.0
2834-JKOOW,No,No,8.0
8400-WZICQ,No,No,8.0
3096-WPXBT,No,No,8.0
9289-LBQVU,No,No,8.0
5140-FOMCQ,No,No,8.0
1264-FUHCX,No,No,8.0
4396-KLSEH,No,No,8.0
5808-TOTXO,No,No,8.0
9586-JGQKH,No,No,8.0
2930-UOTMB,Yes,No,8.0
7157-SMCFK,No,No,8.0
7531-GQHME,No,No,8.0
9330-VOFSZ,No,No,8.0
3733-UOCWF,No,No,8.0
9640-ZSLDC,No,No,8.0
7803-XOCCZ,No,No,8.0
3594-UVONA,Yes,No,8.0
0134-XWXCE,No,No,8.0
2325-ZUSFD,Yes,No,8.0
0052-YNYOT,No,No,7.5
2511-MORQY,No,No,7.5
0725-CXOTM,No,No,7.5
2061-VVFST,No,No,7.5
7838-LAZFO,No,No,7.5
1087-UDSIH,Yes,No,7.5
2522-WLNSF,No,No,7.5
6064-ZATLR,No,No,7.5
5975-BAICR,No,No,7.5
5245-VDBUR,No,No,7.5
4211-MMAZN,Yes,No,7.38
0536-ACXIP,No,No,7.0
6374-NTQLP,No,No,7.0
9788-YTFGE,No,No,7.0
4500-HKANN,No,No,7.0
3794-NFNCH,No,No,7.0
1385-TQOZW,No,No,7.0
5701-GUXDC,No,No,7.0
4541-RMRLG,Yes,No,7.0
7279-NMVJC,No,No,7.0
6332-FBZRI,No,No,7.0
9926-PJHDQ,No,No,7.0
0178-CIIKR,No,No,6.95
8241-JUIQO,No,No,6.5
2233-TXSIU,No,No,6.5
7356-AYNJP,No,No,6.5
4560-WQAQW,No,No,6.5
8409-WQJUX,No,No,6.5
8590-YFFQO,No,No,6.5
0056-EPFBG,No,No,6.5
2839-RFSQE,Yes,No,6.5
8909-BOLNL,No,No,6.5
6164-HXUGH,No,No,6.5
5820-PTRYM,No,No,6.5
6184-DYUOB,No,No,6.5
9330-DHBFL,No,No,6.5
1545-JFUML,No,No,6.5
2368-GAKKQ,No,No,6.5
2954-PIBKO,No,No,6.5
2926-JEJJC,No,No,6.5
5062-CJJKH,No,No,6.5
2323-ARSVR,No,No,6.5
3229-USWAR,No,No,6.5
9367-TCUYN,No,No,6.5
8619-IJNDK,No,No,6.5
9359-UGBTK,No,No,6.0
0979-MOZQI,No,No,6.0
8749-CLJXC,No,No,6.0
3571-DPYUH,No,No,6.0
4648-YPBTM,No,No,6.0
5753-QQWPW,No,No,6.0
9720-JJJOR,No,No,6.0
6685-GBWJZ,No,No,6.0
9040-KZVWO,No,No,6.0
4223-BKEOR,No,No,6.0
0707-HOVVN,No,No,6.0
1150-WFARN,Yes,No,6.0
5324-KTGCG,No,No,6.0
3884-UEBXB,No,No,6.0
0983-TATYJ,No,No,6.0
4830-FAXFM,No,No,6.0
1036-GUDCL,No,No,6.0
9473-CBZOP,No,No,6.0
0980-FEXWF,No,No,6.0
0074-HDKDG,No,No,6.0
8646-JCOMS,No,No,6.0
0164-APGRB,No,No,6.0
5236-XMZJY,No,No,6.0
3594-IVHJZ,No,No,5.92
5850-BDWCY,No,No,5.75
9867-XOBQA,No,No,5.5
7061-OVMIM,No,No,5.5
6434-TTGJP,No,No,5.5
9070-BCKQP,No,No,5.5
0727-BNRLG,No,No,5.5
1097-FSPVW,No,No,5.5
5061-PBXFW,No,No,5.5
0019-EFAEP,No,No,5.5
2272-WUSPA,No,No,5.5
8338-QIUNR,No,No,5.5
7266-GSSJX,No,No,5.5
3926-YZVVX,No,No,5.5
0106-UGRDO,No,No,5.5
4702-HDRKD,No,No,5.5
3301-VKTGC,No,No,5.5
0788-DXBFY,No,No,5.5
6242-SGYTS,No,No,5.5
9866-OCCKE,No,No,5.5
9746-UGFAC,No,No,5.38
8690-UPCZI,No,No,5.0
6322-HRPFA,No,No,5.0
4530-NDRKU,No,No,5.0
5825-XJOCM,No,No,5.0
7032-LMBHI,No,No,5.0
3511-BFTJW,No,No,5.0
4940-KHCWD,No,No,5.0
4378-MYPGO,No,No,5.0
5297-MDOIR,No,No,5.0
1139-WUOAH,No,No,5.0
6461-PPAXN,No,No,5.0
1023-BQXZE,No,No,5.0
9674-EHPPG,No,No,5.0
4304-TSPVK,No,No,5.0
1741-WTPON,No,No,5.0
1063-DHQJF,No,No,5.0
5018-LXQQG,No,No,5.0
0463-TXOAK,No,No,5.0
3487-EARAT,No,No,5.0
0377-JBKKT,No,No,4.5
5863-OOKCL,No,No,4.5
1136-XGEQU,No,No,4.5
9405-GPBBG,No,No,4.5
9931-KGHOA,No,No,4.5
9917-KWRBE,No,No,4.5
9220-ZNKJI,No,No,4.5
7338-ERIVA,No,No,4.5
2649-HWLYB,No,No,4.5
3077-RSNTJ,No,No,4.5
2428-ZMCTB,No,No,4.5
6297-NOOPG,No,No,4.5
9313-CDOGY,No,No,4.5
3396-DKDEL,No,No,4.5
4521-WFJAI,No,No,4.0
1729-VLAZJ,No,No,4.0
8626-PTQGE,No,No,4.0
5468-BPMMO,No,No,4.0
1131-ALZWV,No,No,4.0
3088-FVYWK,No,No,4.0
4537-CIBHB,No,No,4.0
5025-GOOKI,No,No,4.0
1090-ESELR,No,No,4.0
9142-XMYJH,No,No,4.0
2907-ILJBN,No,No,4.0
1085-LDWAM,No,No,4.0
6993-YCOBK,No,No,4.0
6519-ZHPXP,No,No,4.0
2824-DXNKN,No,No,4.0
5318-YKDPV,No,No,4.0
1963-VAUKV,Yes,No,3.84
6388-TABGU,No,No,3.5
0263-FJTQO,No,No,3.5
2958-NHPPS,No,No,3.5
5702-KVQRD,No,No,3.5
3978-YNKDD,No,No,3.5
8777-PVYGU,No,No,3.5
4464-JCOLN,Yes,No,3.5
0562-FGDCR,No,No,3.5
7764-BDPEE,No,No,3.5
3200-MNQTF,No,No,3.5
8809-XKHMD,No,No,3.5
4877-TSOFF,No,No,3.5
3251-YMVWZ,No,No,3.5
4981-FLTMF,No,No,3.5
8763-KIAFH,No,No,3.5
9968-FFVVH,No,No,3.5
5495-GPSRW,No,No,3.5
7167-PCEYD,No,No,3.5
3623-FQBOX,No,No,3.5
9755-JHNMN,No,No,3.5
3429-IFLEM,No,No,3.5
7010-ZMVBF,No,No,3.5
8591-TKMZH,No,No,3.5
4717-GHADL,No,No,3.5
2885-HIJDH,No,No,3.5
2668-TZSPS,No,No,3.4
3847-BAERP,No,No,3.11
1776-SPBWV,No,No,3.0
6119-SPUDB,No,No,3.0
7337-CINUD,No,No,3.0
3812-LRZIR,No,No,3.0
5893-PYOLZ,No,No,3.0
6013-BHCAW,No,No,3.0
8735-NBLWT,No,No,3.0
0866-QLSIR,Yes,No,3.0
9108-EQPNQ,No,No,3.0
6096-EGVTU,No,No,3.0
5271-YNWVR,Yes,No,3.0
8024-XNAFQ,No,No,3.0
2676-SSLTO,No,No,3.0
6838-HVLXG,No,No,3.0
2129-ALKBS,No,No,3.0
2245-ADZFJ,No,No,3.0
4086-ATNFV,No,No,3.0
6283-GITPX,No,No,3.0
6445-TNRXS,No,No,3.0
2171-UDMFD,No,No,3.0
1952-DVVSW,No,No,3.0
4335-UPJSI,No,No,3.0
0048-PIHNL,No,No,3.0
9313-QOLTZ,No,No,2.9
9030-QGZNL,No,No,2.88
0379-DJQHR,No,No,2.5
5457-COLHT,No,No,2.5
2075-PUEPR,No,No,2.5
1525-LNLOJ,No,No,2.5
3649-JPUGY,No,No,2.5
7401-JIXNM,No,No,2.5
4121-AGSIN,No,No,2.5
4654-ULTTN,No,No,2.5
8780-RSYYU,No,No,2.5
4737-HOBAX,No,No,2.5
5442-BXVND,No,No,2.5
2335-GSODA,No,No,2.5
1133-KXCGE,No,No,2.5
2150-OEGBV,No,No,2.5
1218-VKFPE,Yes,No,2.5
6814-ZPWFQ,No,No,2.5
5505-OVWQW,No,No,2.5
0513-RBGPE,No,No,2.5
2332-TODQS,No,No,2.5
0298-XACET,No,No,2.5
8915-NNTRC,No,No,2.5
6681-ZSEXG,No,No,2.5
6872-HXFNF,No,No,2.5
5204-HMGYF,No,No,2.5
3563-SVYLG,No,No,2.5
7322-OCWHC,No,No,2.5
0559-CKHUS,No,No,2.0
2088-IEBAU,No,No,2.0
8314-HTWVE,No,No,2.0
3161-ONRWK,No,No,2.0
3470-OBUET,No,No,2.0
5696-JVVQY,No,No,2.0
8580-QVLOC,Yes,No,2.0
6919-ELBGL,No,No,2.0
8457-XIGKN,No,No,2.0
8573-JGCZW,No,No,2.0
3795-GWTRD,No,No,2.0
9945-PSVIP,No,No,2.0
3489-VSFRD,No,No,2.0
2525-GVKQU,No,No,2.0
8015-IHCGW,No,No,2.0
5313-FPXWG,No,No,2.0
1716-LSAMB,No,No,2.0
5469-NUJUR,No,No,2.0
2805-AUFQN,No,No,2.0
2320-TZRRH,No,No,2.0
6080-LNESI,No,No,2.0
9530-GRMJG,No,No,2.0
6164-HAQTX,No,No,2.0
6203-HBZPA,No,No,2.0
7729-XBTWX,No,No,2.0
0420-TXVSG,No,No,2.0
6288-CHQJB,No,No,2.0
8292-ITGYJ,No,No,2.0
6292-TOSSS,No,No,2.0
3580-GICBM,No,No,2.0
5170-PTRKA,No,No,2.0
1697-LYYYX,No,No,2.0
8570-KLJYJ,No,No,2.0
9919-FZDED,No,No,2.0
9073-ZZIAY,No,No,1.5
9298-WGMRW,No,No,1.5
1494-EJZDW,No,No,1.5
3400-ESFUW,Yes,No,1.5
9286-BHDQG,No,No,1.5
7602-DBTOU,No,No,1.5
1744-JHKYS,No,No,1.5
4709-LKHYG,No,No,1.5
9637-CDTKZ,No,No,1.5
3530-VWVGU,No,No,1.5
1038-RQOST,No,No,1.5
6345-FZOQH,No,No,1.5
2263-SFSQZ,No,No,1.5
1945-XISKS,No,No,1.5
9860-LISIZ,No,No,1.5
9385-NXKDA,No,No,1.5
5803-NQJZO,No,No,1.5
0057-QBUQH,No,No,1.5
3985-HOYPM,No,No,1.5
3705-PSNGL,Yes,No,1.5
6598-RFFVI,Yes,No,1.5
4018-PPNDW,No,No,1.5
1767-CJKBA,No,No,1.5
1088-AUUZZ,No,No,1.5
7359-WWYJV,No,No,1.5
9372-TXXPS,No,No,1.5
6625-FLENO,No,No,1.5
7649-PHJVR,No,No,1.5
0301-FIDRB,No,No,1.5
5063-IUOKK,No,No,1.5
7677-SJJJK,No,No,1.5
7996-BPXHY,No,No,1.5
4359-INNWN,No,No,1.5
5519-TEEUH,No,No,1.5
0121-SNYRK,No,No,1.5
1568-BEKZM,No,No,1.0
4012-YCFAI,No,No,1.0
3948-KXDUF,No,No,1.0
7114-AEOZE,No,No,1.0
8711-LOBKY,No,No,1.0
9648-BCHKM,No,No,1.0
0307-BCOPK,No,No,1.0
8701-DGLVH,No,No,1.0
7560-QJAVJ,No,No,1.0
5924-SNGKP,No,No,1.0
4962-CHQPW,No,No,1.0
5057-RKGLH,No,No,1.0
6418-HNFED,No,No,1.0
4376-KFVRS,No,No,1.0
4735-BJKOU,No,No,1.0
3071-MVJCD,No,No,1.0
0625-AFOHS,No,No,1.0
6527-PZFPV,No,No,1.0
2788-CJQAQ,No,No,1.0
0909-SELIE,No,No,1.0
7369-TRPFD,No,No,1.0
2230-XTUWL,No,No,1.0
8717-VCTXJ,No,No,1.0
9114-DPSIA,No,No,1.0
9483-GCPWE,No,No,1.0
6248-BSHKG,No,No,1.0
0732-OCQOC,No,No,1.0
2388-LAESQ,No,No,1.0
8869-TORSS,Yes,No,1.0
5751-USDBL,No,No,1.0
6112-KTHFQ,No,No,1.0
6365-HITVU,No,No,1.0
8430-TWCBX,No,No,1.0
7998-WNZEM,No,No,1.0
6134-KWTBV,No,No,1.0
5181-OABFK,No,No,0.5
5917-RYRMG,No,No,0.5
7515-LODFU,No,No,0.5
3913-FCUUW,No,No,0.5
6374-AFWOX,No,No,0.5
7717-BICXI,No,No,0.5
6953-PBDIN,No,No,0.5
1705-GUHPV,No,No,0.5
8219-VYBVI,No,No,0.5
6169-PPETC,No,No,0.5
5380-XPJNZ,No,No,0.5
3970-XGJDU,No,No,0.5
1403-GYAFU,No,No,0.5
3717-FDJFU,No,No,0.5
1820-DJFPH,No,No,0.5
0608-JDVEC,No,No,0.5
8390-FESFV,No,No,0.5
6698-OXETB,No,No,0.5
5334-AFQJB,No,No,0.5
3967-VQOGC,No,No,0.5
5619-XZZKR,No,No,0.5
3454-JFUBC,No,No,0.5
4698-KVLLG,No,No,0.5
8873-TMKGR,No,No,0.5
1459-QNFQT,No,No,0.5
2892-GESUL,No,No,0.5
8590-OHDIW,No,No,0.5
9588-YRFHY,No,No,0.5
2987-BJXIK,No,No,0.5
9135-HSWOC,No,No,0.5
6349-JDHQP,No,No,0.5
6823-SIDFQ,No,No,0.5
2990-IAJSV,No,No,0.5
5666-MBJPT,No,No,0.5
4779-ZGICK,No,No,0.5
5296-BFCYD,No,No,0.5
7632-YUTXB,No,No,0.5
9548-LERKT,No,No,0.5
0839-JTCUD,No,No,0.5
4302-ZYFEL,No,No,0.5
9339-FIIJL,No,No,0.5
0164-XAIRP,No,No,0.5
2188-SXWVT,No,No,0.5
5774-QPLTF,No,No,0.5
4955-VCWBI,No,No,0.5
0040-HALCW,No,No,0.5
3750-YHRYO,No,No,0.5
3910-MRQOY,No,No,0.5
2696-RZVZW,No,No,0.5
5266-PFRQK,No,No,0.5
3967-KXAPS,No,No,0.5
8181-YHCMF,No,No,0.5
9430-NKQLY,No,No,0.5
3831-YCPUO,No,No,0.5
0769-MURVM,No,No,0.5
3865-ZFZIB,No,No,0.17
9067-SQTNS,No,No,0.0
8735-SDUFN,No,No,0.0
2925-VDZHY,No,No,0.0
1166-PQLGG,No,No,0.0
8173-RXAYP,No,No,0.0
9537-JALFH,No,No,0.0
6848-HJTXY,No,No,0.0
3027-YNWZU,No,No,0.0
4277-BWBML,No,No,0.0
6223-DHJGV,No,No,0.0
1784-BXEFA,No,No,0.0
2346-LOCWC,No,No,0.0
9814-AOUDH,No,No,0.0
4312-KFRXN,No,No,0.0
5845-BZZIB,No,No,0.0
3836-FZSDJ,No,No,0.0
1574-DYCWE,No,No,0.0
9534-NSXEM,No,No,0.0
8345-MVDYC,No,No,0.0
4742-TXUEX,No,No,0.0
0397-ZXWQF,No,No,0.0
1047-RNXZV,No,No,0.0
6370-ZVHDV,No,No,0.0
4785-FCIFB,No,No,0.0
1926-QUZNN,No,No,0.0
2236-HILPA,No,No,0.0
8207-VVMYB,No,No,0.0
7216-KAOID,No,No,0.0
6917-FIJHC,No,No,0.0
8165-ZJRNM,No,No,0.0
2266-FUBDZ,No,No,0.0
6701-YVNQG,No,No,0.0
5727-MYATE,No,No,0.0
3642-BYHDO,No,No,0.0
0017-IUDMW,No,No,0.0
1709-EJDOX,No,No,0.0
4086-WITJG,No,No,0.0
1555-HAPSU,No,No,0.0
7606-BPHHN,No,No,0.0
2632-TACXW,No,No,0.0
1227-UDMZR,No,No,0.0
2169-RRLFW,No,No,0.0
3982-JGSFD,No,No,0.0
8028-PNXHQ,No,No,0.0
8347-GDTMP,No,No,0.0
1862-QRWPE,No,No,0.0
8532-UEFWH,No,No,0.0
7205-BAIAD,No,No,0.0
7649-SIJJF,No,No,0.0
0402-OAMEN,No,No,0.0
0794-YVSGE,No,No,0.0
6340-DACFT,No,No,0.0
3125-RAHBV,No,No,0.0
0174-QRVVY,No,No,0.0
4674-HGNUA,No,No,0.0
8129-GMVGI,No,No,0.0
0480-KYJVA,No,No,0.0
8224-KDLKN,No,No,0.0
4825-FUREZ,No,No,0.0
4299-OPXEJ,No,No,0.0
0962-CQPWQ,No,No,0.0
3508-VLHCZ,No,No,0.0
4703-MQYKT,No,No,0.0
2984-RGEYA,No,No,0.0
7408-OFWXJ,No,No,0.0
0123-CRBRT,No,No,0.0
9824-QCJPK,No,No,0.0
8779-YIQQA,No,No,0.0
2812-REYAT,No,No,0.0
4821-WQOYN,No,No,0.0
9365-CSLBQ,No,No,0.0
1927-QEWMY,No,No,0.0
9950-MTGYX,No,No,0.0
3646-ITDGM,No,No,0.0
1830-IPXVJ,No,No,0.0
